Country,Region,Year,Sector,Target_Beneficiaries,Reached_Beneficiaries,Achievement_Rate_Pct,Female_Beneficiaries,Male_Beneficiaries,Children_Under5,Elderly_60plus,PWD_Beneficiaries,Status
Kenya,East Africa,2021,Health,34184,30577,89.5,16915,13661,6417,1862,1155,On Track
Kenya,East Africa,2021,WASH,11556,9236,79.9,4486,4749,2185,850,604,On Track
Kenya,East Africa,2021,Shelter,77097,57790,75.0,28789,29000,9728,4120,3249,At Risk
Kenya,East Africa,2021,Food Security,69196,62372,90.1,32632,29739,11172,5789,2306,On Track
Kenya,East Africa,2021,Livelihoods,63513,43429,68.4,22826,20602,9924,2778,2419,At Risk
Kenya,East Africa,2021,Protection,41579,25286,60.8,13635,11650,3910,2339,974,At Risk
Kenya,East Africa,2021,Disaster Risk Reduction,31868,23260,73.0,12756,10503,4512,1361,1273,At Risk
Kenya,East Africa,2021,Migration,147964,114856,77.6,55525,59330,27672,7823,7250,On Track
Kenya,East Africa,2022,Health,27790,23658,85.1,12649,11008,3986,2788,1626,On Track
Kenya,East Africa,2022,WASH,115604,60813,52.6,34903,25909,14563,5585,4627,At Risk
Kenya,East Africa,2022,Shelter,13331,10700,80.3,5551,5148,1895,1155,511,On Track
Kenya,East Africa,2022,Food Security,12811,9926,77.5,5043,4882,2027,594,695,On Track
Kenya,East Africa,2022,Livelihoods,29561,21238,71.8,10205,11032,4917,2112,1411,At Risk
Kenya,East Africa,2022,Protection,62314,56814,91.2,31652,25161,8942,4266,2033,On Track
Kenya,East Africa,2022,Disaster Risk Reduction,65990,57390,87.0,29446,27943,8973,4118,2654,On Track
Kenya,East Africa,2022,Migration,137475,132846,96.6,73458,59387,28396,14892,7121,On Track
Kenya,East Africa,2023,Health,11956,10452,87.4,5812,4639,2154,1086,571,On Track
Kenya,East Africa,2023,WASH,57124,41313,72.3,21989,19323,7963,2139,1462,At Risk
Kenya,East Africa,2023,Shelter,147853,123169,83.3,62993,60175,24739,13983,5230,On Track
Kenya,East Africa,2023,Food Security,114974,89121,77.5,46435,42685,20101,5883,3016,On Track
Kenya,East Africa,2023,Livelihoods,62787,43870,69.9,25136,18733,10125,4138,3227,At Risk
Kenya,East Africa,2023,Protection,122757,91421,74.5,51229,40191,15418,10282,5207,At Risk
Kenya,East Africa,2023,Disaster Risk Reduction,77926,55693,71.5,28002,27690,10732,5973,4067,At Risk
Kenya,East Africa,2023,Migration,6703,5167,77.1,2483,2683,1038,409,212,On Track
Kenya,East Africa,2024,Health,46853,36010,76.9,20680,15329,6565,3108,2346,On Track
Kenya,East Africa,2024,WASH,115785,81009,70.0,41830,39178,20023,9508,3450,At Risk
Kenya,East Africa,2024,Shelter,94194,50128,53.2,25489,24638,7704,4645,2763,At Risk
Kenya,East Africa,2024,Food Security,77842,63520,81.6,30816,32703,11297,7214,2666,On Track
Kenya,East Africa,2024,Livelihoods,45758,37283,81.5,21570,15712,6494,3618,2538,On Track
Kenya,East Africa,2024,Protection,61443,39612,64.5,19955,19656,8826,3000,2440,At Risk
Kenya,East Africa,2024,Disaster Risk Reduction,93236,84660,90.8,41401,43258,19770,6134,3329,On Track
Kenya,East Africa,2024,Migration,31793,36516,114.9,17676,18839,7635,3557,1125,On Track
Kenya,East Africa,2025,Health,29312,17217,58.7,9374,7842,2882,1693,849,At Risk
Kenya,East Africa,2025,WASH,104595,86843,83.0,49819,37023,14220,6415,3098,On Track
Kenya,East Africa,2025,Shelter,30353,28593,94.2,16061,12531,5876,2489,1203,On Track
Kenya,East Africa,2025,Food Security,99104,62967,63.5,30810,32156,15094,7117,3882,At Risk
Kenya,East Africa,2025,Livelihoods,95165,60378,63.4,33364,27013,14473,6768,4165,At Risk
Kenya,East Africa,2025,Protection,74342,46235,62.2,25161,21073,7324,2834,3464,At Risk
Kenya,East Africa,2025,Disaster Risk Reduction,16390,14160,86.4,6803,7356,2351,1251,914,On Track
Kenya,East Africa,2025,Migration,125435,89415,71.3,48748,40666,15417,8928,3743,At Risk
Ethiopia,East Africa,2021,Health,145568,144663,99.4,78836,65826,33984,13892,8450,On Track
Ethiopia,East Africa,2021,WASH,37722,26288,69.7,12864,13423,4909,1802,1109,At Risk
Ethiopia,East Africa,2021,Shelter,104230,84263,80.8,47962,36300,17957,8901,4645,On Track
Ethiopia,East Africa,2021,Food Security,25656,22350,87.1,12017,10332,4453,1422,1477,On Track
Ethiopia,East Africa,2021,Livelihoods,149714,98716,65.9,56667,42048,24224,11257,4788,At Risk
Ethiopia,East Africa,2021,Protection,81854,73044,89.2,35174,37869,17737,5841,5721,On Track
Ethiopia,East Africa,2021,Disaster Risk Reduction,99800,69159,69.3,39082,30076,12565,4278,4000,At Risk
Ethiopia,East Africa,2021,Migration,55407,32843,59.3,18839,14003,7212,2952,1144,At Risk
Ethiopia,East Africa,2022,Health,23233,19253,82.9,10930,8322,4314,1902,1253,On Track
Ethiopia,East Africa,2022,WASH,17012,11033,64.9,5692,5340,1978,1176,777,At Risk
Ethiopia,East Africa,2022,Shelter,64742,58090,89.7,32520,25569,12489,5758,4054,On Track
Ethiopia,East Africa,2022,Food Security,80861,105119,130.0,59812,45306,19320,8019,3647,On Track
Ethiopia,East Africa,2022,Livelihoods,25916,19364,74.7,10196,9167,3955,1356,1152,At Risk
Ethiopia,East Africa,2022,Protection,66024,54950,83.2,26543,28406,8447,5911,2638,On Track
Ethiopia,East Africa,2022,Disaster Risk Reduction,31476,26113,83.0,14544,11568,4480,2444,894,On Track
Ethiopia,East Africa,2022,Migration,104647,68893,65.8,33424,35468,13994,6051,4262,At Risk
Ethiopia,East Africa,2023,Health,77869,40198,51.6,22491,17706,7118,3245,1363,At Risk
Ethiopia,East Africa,2023,WASH,123858,105027,84.8,50679,54347,25864,11397,6805,On Track
Ethiopia,East Africa,2023,Shelter,100638,64403,64.0,31920,32482,11272,5696,4233,At Risk
Ethiopia,East Africa,2023,Food Security,47638,36672,77.0,20023,16648,6527,4284,2453,On Track
Ethiopia,East Africa,2023,Livelihoods,102040,116154,113.8,60627,55526,20300,8702,7885,On Track
Ethiopia,East Africa,2023,Protection,98132,95665,97.5,46056,49608,15460,5091,3064,On Track
Ethiopia,East Africa,2023,Disaster Risk Reduction,59921,53124,88.7,28018,25105,8488,4484,2851,On Track
Ethiopia,East Africa,2023,Migration,74986,70201,93.6,34912,35288,13575,5468,4267,On Track
Ethiopia,East Africa,2024,Health,23717,17882,75.4,9253,8628,3801,1523,1302,On Track
Ethiopia,East Africa,2024,WASH,49862,41864,84.0,22852,19011,6961,2300,2600,On Track
Ethiopia,East Africa,2024,Shelter,145021,120435,83.0,69132,51302,24995,9294,7486,On Track
Ethiopia,East Africa,2024,Food Security,69175,52725,76.2,27724,25000,10785,6110,2599,On Track
Ethiopia,East Africa,2024,Livelihoods,47834,41240,86.2,20088,21151,7501,4500,1285,On Track
Ethiopia,East Africa,2024,Protection,126178,91680,72.7,51473,40206,16336,5342,5944,At Risk
Ethiopia,East Africa,2024,Disaster Risk Reduction,104471,99763,95.5,55219,44543,22980,6957,3877,On Track
Ethiopia,East Africa,2024,Migration,75765,65619,86.6,36422,29196,15137,7830,3322,On Track
Ethiopia,East Africa,2025,Health,62570,63298,101.2,32540,30757,15386,6968,3256,On Track
Ethiopia,East Africa,2025,WASH,90008,65819,73.1,36535,29283,14839,3766,4944,At Risk
Ethiopia,East Africa,2025,Shelter,19663,19974,101.6,10226,9747,4784,1542,610,On Track
Ethiopia,East Africa,2025,Food Security,65043,53540,82.3,30546,22993,8519,3873,4149,On Track
Ethiopia,East Africa,2025,Livelihoods,13414,11194,83.5,6080,5113,2181,789,519,On Track
Ethiopia,East Africa,2025,Protection,87694,79737,90.9,43636,36100,17959,8405,5540,On Track
Ethiopia,East Africa,2025,Disaster Risk Reduction,110162,90130,81.8,43781,46348,18472,7292,6704,On Track
Ethiopia,East Africa,2025,Migration,75186,51533,68.5,26544,24988,8333,3092,3508,At Risk
Uganda,East Africa,2021,Health,22350,15570,69.7,7604,7965,3426,857,1106,At Risk
Uganda,East Africa,2021,WASH,60307,51656,85.7,28443,23212,8168,2889,4097,On Track
Uganda,East Africa,2021,Shelter,87490,52737,60.3,29600,23136,12906,6276,3568,At Risk
Uganda,East Africa,2021,Food Security,60738,36982,60.9,19142,17839,5856,3860,2142,At Risk
Uganda,East Africa,2021,Livelihoods,135870,128892,94.9,63301,65590,25683,6547,6887,On Track
Uganda,East Africa,2021,Protection,108712,86535,79.6,42024,44510,14008,5038,5405,On Track
Uganda,East Africa,2021,Disaster Risk Reduction,125285,112493,89.8,64820,47672,21090,7874,8260,On Track
Uganda,East Africa,2021,Migration,42452,44570,105.0,22390,22179,10978,2266,3498,On Track
Uganda,East Africa,2022,Health,74436,63539,85.4,30967,32571,13049,7488,3568,On Track
Uganda,East Africa,2022,WASH,41603,34193,82.2,18564,15628,7507,2797,2098,On Track
Uganda,East Africa,2022,Shelter,69651,66227,95.1,32089,34137,11794,7717,4934,On Track
Uganda,East Africa,2022,Food Security,146289,123980,84.8,65159,58820,26285,8606,4885,On Track
Uganda,East Africa,2022,Livelihoods,73876,37042,50.1,19942,17099,5844,4378,2937,At Risk
Uganda,East Africa,2022,Protection,117311,86943,74.1,47802,39140,17702,6230,6145,At Risk
Uganda,East Africa,2022,Disaster Risk Reduction,109700,75170,68.5,42929,32240,17458,8756,4982,At Risk
Uganda,East Africa,2022,Migration,99895,89284,89.4,48333,40950,17126,10293,6544,On Track
Uganda,East Africa,2023,Health,62493,62300,99.7,36054,26245,10282,5706,3055,On Track
Uganda,East Africa,2023,WASH,41262,30930,75.0,17846,13083,7244,3361,1652,At Risk
Uganda,East Africa,2023,Shelter,138569,80485,58.1,39086,41398,19032,8604,6437,At Risk
Uganda,East Africa,2023,Food Security,134372,98104,73.0,56867,41236,20164,10186,7577,At Risk
Uganda,East Africa,2023,Livelihoods,28831,21695,75.2,11391,10303,3534,2533,1308,On Track
Uganda,East Africa,2023,Protection,17351,15848,91.3,7969,7878,3441,1478,759,On Track
Uganda,East Africa,2023,Disaster Risk Reduction,33743,29351,87.0,15615,13735,6669,2536,2131,On Track
Uganda,East Africa,2023,Migration,45066,31894,70.8,17069,14824,6573,3551,1600,At Risk
Uganda,East Africa,2024,Health,46938,43033,91.7,23685,19347,7371,2562,1322,On Track
Uganda,East Africa,2024,WASH,115666,118591,102.5,61081,57509,24784,9185,6151,On Track
Uganda,East Africa,2024,Shelter,21653,16880,78.0,8970,7909,3854,1312,1031,On Track
Uganda,East Africa,2024,Food Security,105864,98202,92.8,55605,42596,24054,5921,7495,On Track
Uganda,East Africa,2024,Livelihoods,105039,59293,56.4,31182,28110,14704,5009,2753,At Risk
Uganda,East Africa,2024,Protection,127696,103646,81.2,56315,47330,18035,5732,3777,On Track
Uganda,East Africa,2024,Disaster Risk Reduction,143704,125739,87.5,62641,63097,23207,14180,6751,On Track
Uganda,East Africa,2024,Migration,70906,48146,67.9,26324,21821,8051,3055,1542,At Risk
Uganda,East Africa,2025,Health,8009,5930,74.0,2951,2978,942,346,314,At Risk
Uganda,East Africa,2025,WASH,35029,24557,70.1,12294,12262,4578,2093,1584,At Risk
Uganda,East Africa,2025,Shelter,145763,104226,71.5,59133,45092,25231,5656,4569,At Risk
Uganda,East Africa,2025,Food Security,74946,63861,85.2,35801,28059,14357,4017,2584,On Track
Uganda,East Africa,2025,Livelihoods,94174,73337,77.9,39735,33601,13706,6041,4940,On Track
Uganda,East Africa,2025,Protection,34242,16255,47.5,7862,8392,2848,1624,1215,Off Track
Uganda,East Africa,2025,Disaster Risk Reduction,81939,105032,128.2,51541,53490,20454,9167,4424,On Track
Uganda,East Africa,2025,Migration,118971,117535,98.8,59581,57953,22064,6041,5418,On Track
Tanzania,East Africa,2021,Health,46460,33591,72.3,16525,17065,8030,3075,2148,At Risk
Tanzania,East Africa,2021,WASH,123940,81523,65.8,45564,35958,16291,4572,4635,At Risk
Tanzania,East Africa,2021,Shelter,5850,6133,104.8,3208,2924,998,428,295,On Track
Tanzania,East Africa,2021,Food Security,74045,66702,90.1,36325,30376,13812,4997,5291,On Track
Tanzania,East Africa,2021,Livelihoods,136225,83126,61.0,40746,42379,13739,5587,3161,At Risk
Tanzania,East Africa,2021,Protection,51832,46879,90.4,23376,23502,8368,2912,3508,On Track
Tanzania,East Africa,2021,Disaster Risk Reduction,138085,114234,82.7,59520,54713,28357,6607,5699,On Track
Tanzania,East Africa,2021,Migration,32894,22873,69.5,13196,9676,5410,2451,981,At Risk
Tanzania,East Africa,2022,Health,83235,74506,89.5,42687,31818,15324,6706,3278,On Track
Tanzania,East Africa,2022,WASH,138080,92978,67.3,51784,41193,15685,6755,4767,At Risk
Tanzania,East Africa,2022,Shelter,57143,32906,57.6,16172,16733,6945,2310,1943,At Risk
Tanzania,East Africa,2022,Food Security,45065,37278,82.7,18468,18809,7385,3253,1214,On Track
Tanzania,East Africa,2022,Livelihoods,103019,71179,69.1,34617,36561,17723,5165,5017,At Risk
Tanzania,East Africa,2022,Protection,47349,36094,76.2,18244,17849,7873,3725,2157,On Track
Tanzania,East Africa,2022,Disaster Risk Reduction,146394,65767,44.9,33862,31904,15978,7112,5146,Off Track
Tanzania,East Africa,2022,Migration,144029,100887,70.0,49679,51207,22506,11670,3940,At Risk
Tanzania,East Africa,2023,Health,5149,4289,83.3,2305,1983,1004,256,299,On Track
Tanzania,East Africa,2023,WASH,89975,71678,79.7,35850,35827,11924,4408,5069,On Track
Tanzania,East Africa,2023,Shelter,133085,114914,86.3,59282,55631,27317,8902,8139,On Track
Tanzania,East Africa,2023,Food Security,10105,11431,113.1,5988,5442,2145,941,515,On Track
Tanzania,East Africa,2023,Livelihoods,34325,28241,82.3,14211,14029,6776,2170,1614,On Track
Tanzania,East Africa,2023,Protection,100153,107310,107.1,61236,46073,22795,6243,8261,On Track
Tanzania,East Africa,2023,Disaster Risk Reduction,85612,51214,59.8,25295,25918,11748,4783,2902,At Risk
Tanzania,East Africa,2023,Migration,67770,67198,99.2,38261,28936,15378,4073,3063,On Track
Tanzania,East Africa,2024,Health,20184,19064,94.5,9214,9849,3946,1970,1407,On Track
Tanzania,East Africa,2024,WASH,68143,47126,69.2,24232,22893,10939,2721,3408,At Risk
Tanzania,East Africa,2024,Shelter,25645,19990,78.0,11188,8801,3298,1320,1321,On Track
Tanzania,East Africa,2024,Food Security,27453,18480,67.3,10201,8278,3956,1821,1055,At Risk
Tanzania,East Africa,2024,Livelihoods,132399,93199,70.4,46427,46771,22446,8465,4663,At Risk
Tanzania,East Africa,2024,Protection,23143,14656,63.3,7711,6944,3586,890,869,At Risk
Tanzania,East Africa,2024,Disaster Risk Reduction,144645,171673,118.7,82713,88959,40722,19785,10001,On Track
Tanzania,East Africa,2024,Migration,37967,31868,83.9,17516,14351,7720,3171,1199,On Track
Tanzania,East Africa,2025,Health,38657,42611,110.2,22260,20350,9529,4917,3250,On Track
Tanzania,East Africa,2025,WASH,129592,132418,102.2,69530,62887,21362,15749,9526,On Track
Tanzania,East Africa,2025,Shelter,149127,123530,82.8,66598,56931,23458,6650,5776,On Track
Tanzania,East Africa,2025,Food Security,48287,47520,98.4,26624,20895,7150,3485,2371,On Track
Tanzania,East Africa,2025,Livelihoods,74483,70272,94.3,36164,34107,12978,7141,3697,On Track
Tanzania,East Africa,2025,Protection,143326,119103,83.1,59844,59258,23254,7129,4623,On Track
Tanzania,East Africa,2025,Disaster Risk Reduction,115923,48162,41.5,27523,20638,8969,4365,2967,Off Track
Tanzania,East Africa,2025,Migration,60521,49134,81.2,23648,25485,10630,3069,3835,On Track
Somalia,East Africa,2021,Health,146373,114122,78.0,55752,58369,28494,9717,6820,On Track
Somalia,East Africa,2021,WASH,57730,37756,65.4,18376,19379,8494,2442,2828,At Risk
Somalia,East Africa,2021,Shelter,86714,63643,73.4,30781,32861,12550,5698,2118,At Risk
Somalia,East Africa,2021,Food Security,109593,80876,73.8,45092,35783,15797,7012,4208,At Risk
Somalia,East Africa,2021,Livelihoods,102889,103600,100.7,51336,52263,17424,11429,8008,On Track
Somalia,East Africa,2021,Protection,119845,61000,50.9,31557,29442,10801,5799,3076,At Risk
Somalia,East Africa,2021,Disaster Risk Reduction,140679,135101,96.0,65214,69886,23264,8940,8591,On Track
Somalia,East Africa,2021,Migration,123354,124677,101.1,60090,64586,19999,13215,4853,On Track
Somalia,East Africa,2022,Health,36720,23378,63.7,11453,11924,4075,2350,1701,At Risk
Somalia,East Africa,2022,WASH,69986,64873,92.7,36524,28348,12307,6277,2611,On Track
Somalia,East Africa,2022,Shelter,63903,58085,90.9,27956,30128,9209,3749,1819,On Track
Somalia,East Africa,2022,Food Security,21784,16851,77.4,8394,8456,3510,1339,1257,On Track
Somalia,East Africa,2022,Livelihoods,93627,69432,74.2,35128,34303,13051,6340,3013,At Risk
Somalia,East Africa,2022,Protection,10514,10275,97.7,5573,4701,1961,910,532,On Track
Somalia,East Africa,2022,Disaster Risk Reduction,65323,55632,85.2,30951,24680,9124,6163,3024,On Track
Somalia,East Africa,2022,Migration,62728,50526,80.5,28772,21753,11620,4030,1572,On Track
Somalia,East Africa,2023,Health,6885,5963,86.6,3239,2723,1048,356,427,On Track
Somalia,East Africa,2023,WASH,23610,13303,56.3,7694,5608,2694,825,580,At Risk
Somalia,East Africa,2023,Shelter,20433,17355,84.9,8806,8548,3565,1659,1240,On Track
Somalia,East Africa,2023,Food Security,65015,43770,67.3,21913,21856,6613,2607,3282,At Risk
Somalia,East Africa,2023,Livelihoods,22668,19458,85.8,10508,8949,4212,1211,1473,On Track
Somalia,East Africa,2023,Protection,13234,12802,96.7,6681,6120,2410,1105,414,On Track
Somalia,East Africa,2023,Disaster Risk Reduction,91619,82241,89.8,40156,42084,17296,5524,4068,On Track
Somalia,East Africa,2023,Migration,23574,16764,71.1,8530,8233,3110,1681,751,At Risk
Somalia,East Africa,2024,Health,139782,94714,67.8,51748,42965,23080,9592,3859,At Risk
Somalia,East Africa,2024,WASH,67391,81870,121.5,39552,42317,14427,7503,2666,On Track
Somalia,East Africa,2024,Shelter,78001,93914,120.4,48217,45696,21327,5396,3170,On Track
Somalia,East Africa,2024,Food Security,132248,106537,80.6,58895,47641,21259,10460,5512,On Track
Somalia,East Africa,2024,Livelihoods,61160,56644,92.6,31717,24926,12431,3911,3370,On Track
Somalia,East Africa,2024,Protection,146356,107663,73.6,55564,52098,17135,12296,3966,At Risk
Somalia,East Africa,2024,Disaster Risk Reduction,39684,32097,80.9,16000,16096,6553,3566,2138,On Track
Somalia,East Africa,2024,Migration,128907,117705,91.3,65992,51712,25409,11589,8528,On Track
Somalia,East Africa,2025,Health,68700,55610,80.9,27922,27687,13833,6455,1777,On Track
Somalia,East Africa,2025,WASH,128987,73632,57.1,40538,33093,17857,4612,4299,At Risk
Somalia,East Africa,2025,Shelter,111708,73486,65.8,42066,31419,18158,8531,3946,At Risk
Somalia,East Africa,2025,Food Security,54914,53704,97.8,30407,23296,12591,3884,3836,On Track
Somalia,East Africa,2025,Livelihoods,29726,24803,83.4,12475,12327,4019,1373,1607,On Track
Somalia,East Africa,2025,Protection,30409,22826,75.1,11732,11093,5078,1245,1044,On Track
Somalia,East Africa,2025,Disaster Risk Reduction,117997,122368,103.7,62637,59730,26014,13707,7439,On Track
Somalia,East Africa,2025,Migration,97876,83144,84.9,41846,41297,12674,9221,2582,On Track
Nigeria,West Africa,2021,Health,116038,96583,83.2,55429,41153,22202,11575,4591,On Track
Nigeria,West Africa,2021,WASH,112767,110491,98.0,61512,48978,21014,9236,6781,On Track
Nigeria,West Africa,2021,Shelter,127427,95974,75.3,50111,45862,21474,6402,3409,On Track
Nigeria,West Africa,2021,Food Security,19200,19929,103.8,10272,9656,3561,1409,830,On Track
Nigeria,West Africa,2021,Livelihoods,30799,25094,81.5,13009,12084,5469,1638,1944,On Track
Nigeria,West Africa,2021,Protection,20889,17862,85.5,9978,7883,2839,1415,1321,On Track
Nigeria,West Africa,2021,Disaster Risk Reduction,110544,89825,81.3,48625,41199,14974,10723,3735,On Track
Nigeria,West Africa,2021,Migration,93946,86545,92.1,49700,36844,18604,8009,4814,On Track
Nigeria,West Africa,2022,Health,33644,24369,72.4,12234,12134,4109,2548,1157,At Risk
Nigeria,West Africa,2022,WASH,70183,51960,74.0,25241,26718,12829,5812,3969,At Risk
Nigeria,West Africa,2022,Shelter,55224,57050,103.3,31354,25695,9435,6110,2351,On Track
Nigeria,West Africa,2022,Food Security,54862,40289,73.4,20240,20048,8206,3686,2377,At Risk
Nigeria,West Africa,2022,Livelihoods,145584,105997,72.8,60299,45697,26029,11696,7470,At Risk
Nigeria,West Africa,2022,Protection,122601,93402,76.2,50953,42448,19155,5238,4709,On Track
Nigeria,West Africa,2022,Disaster Risk Reduction,41747,25595,61.3,14137,11457,5108,1424,1049,At Risk
Nigeria,West Africa,2022,Migration,115593,82112,71.0,45024,37087,12941,8998,4496,At Risk
Nigeria,West Africa,2023,Health,53100,63669,119.9,35811,27857,11764,6205,3711,On Track
Nigeria,West Africa,2023,WASH,78018,57762,74.0,29268,28493,13739,6112,3634,At Risk
Nigeria,West Africa,2023,Shelter,126275,119086,94.3,65467,53618,25962,11111,8054,On Track
Nigeria,West Africa,2023,Food Security,70485,63160,89.6,31318,31841,15037,7012,1987,On Track
Nigeria,West Africa,2023,Livelihoods,24761,19683,79.5,10107,9575,4415,1205,1395,On Track
Nigeria,West Africa,2023,Protection,121164,102020,84.2,57459,44560,20480,5146,4524,On Track
Nigeria,West Africa,2023,Disaster Risk Reduction,149264,126675,84.9,68807,57867,22292,11955,7220,On Track
Nigeria,West Africa,2023,Migration,30666,25359,82.7,14149,11209,4075,2618,1447,On Track
Nigeria,West Africa,2024,Health,18261,14712,80.6,7992,6719,3577,841,1130,On Track
Nigeria,West Africa,2024,WASH,146711,126443,86.2,69390,57052,19824,8985,8270,On Track
Nigeria,West Africa,2024,Shelter,8868,7448,84.0,3832,3615,1579,396,548,On Track
Nigeria,West Africa,2024,Food Security,29448,21054,71.5,12155,8898,5197,2157,768,At Risk
Nigeria,West Africa,2024,Livelihoods,66965,70636,105.5,38731,31904,13745,4884,5640,On Track
Nigeria,West Africa,2024,Protection,48597,39370,81.0,20575,18794,7682,2419,2745,On Track
Nigeria,West Africa,2024,Disaster Risk Reduction,111539,74375,66.7,36312,38062,16217,7126,3247,At Risk
Nigeria,West Africa,2024,Migration,132307,122549,92.6,70476,52072,20233,9836,9458,On Track
Nigeria,West Africa,2025,Health,131185,143909,109.7,74798,69110,25532,17107,7262,On Track
Nigeria,West Africa,2025,WASH,61032,40249,65.9,22918,17330,6962,2612,1270,At Risk
Nigeria,West Africa,2025,Shelter,110130,69631,63.2,39441,30189,13739,8200,2734,At Risk
Nigeria,West Africa,2025,Food Security,20370,21114,103.7,11968,9145,4806,2195,1525,On Track
Nigeria,West Africa,2025,Livelihoods,48158,44132,91.6,21762,22369,6763,5051,2684,On Track
Nigeria,West Africa,2025,Protection,104345,106366,101.9,59528,46837,21076,6191,3856,On Track
Nigeria,West Africa,2025,Disaster Risk Reduction,5565,3998,71.9,1999,1998,796,217,236,At Risk
Nigeria,West Africa,2025,Migration,107346,117022,109.0,59318,57703,26886,8393,6174,On Track
Ghana,West Africa,2021,Health,74521,56051,75.2,30267,25783,10042,5529,4092,On Track
Ghana,West Africa,2021,WASH,124277,56722,45.6,31650,25071,8733,4743,1999,Off Track
Ghana,West Africa,2021,Shelter,79776,65373,81.9,35420,29952,14398,5829,1993,On Track
Ghana,West Africa,2021,Food Security,115888,74892,64.6,38393,36498,15111,4205,3559,At Risk
Ghana,West Africa,2021,Livelihoods,132577,88794,67.0,47660,41133,19441,9415,3552,At Risk
Ghana,West Africa,2021,Protection,45579,35452,77.8,17610,17841,5688,3351,2315,On Track
Ghana,West Africa,2021,Disaster Risk Reduction,54780,45409,82.9,25016,20392,10766,4540,3182,On Track
Ghana,West Africa,2021,Migration,82780,59846,72.3,30757,29088,13853,3327,4472,At Risk
Ghana,West Africa,2022,Health,62068,63160,101.8,33173,29986,13538,5485,4205,On Track
Ghana,West Africa,2022,WASH,20331,17274,85.0,8432,8841,2695,1162,656,On Track
Ghana,West Africa,2022,Shelter,147133,113579,77.2,65601,47977,20863,7126,7892,On Track
Ghana,West Africa,2022,Food Security,20979,18537,88.4,10118,8418,3704,1647,1222,On Track
Ghana,West Africa,2022,Livelihoods,87209,72008,82.6,36000,36007,15699,3964,2270,On Track
Ghana,West Africa,2022,Protection,19985,16747,83.8,8470,8276,3286,1855,1111,On Track
Ghana,West Africa,2022,Disaster Risk Reduction,18144,13563,74.8,6979,6583,2537,1615,434,At Risk
Ghana,West Africa,2022,Migration,129987,137279,105.6,77796,59482,28535,11078,9096,On Track
Ghana,West Africa,2023,Health,136819,134329,98.2,76576,57752,25814,9319,8008,On Track
Ghana,West Africa,2023,WASH,144231,117436,81.4,67083,50352,20089,10992,7231,On Track
Ghana,West Africa,2023,Shelter,46270,33599,72.6,18532,15066,8094,2102,1407,At Risk
Ghana,West Africa,2023,Food Security,19910,17508,87.9,10104,7403,2943,1922,956,On Track
Ghana,West Africa,2023,Livelihoods,138124,124524,90.2,65316,59207,25089,9357,7427,On Track
Ghana,West Africa,2023,Protection,26000,19874,76.4,9864,10009,3758,2342,852,On Track
Ghana,West Africa,2023,Disaster Risk Reduction,53712,33612,62.6,18733,14878,5481,3962,1770,At Risk
Ghana,West Africa,2023,Migration,22962,22827,99.4,11495,11331,3591,1412,1278,On Track
Ghana,West Africa,2024,Health,22815,22117,96.9,11569,10547,3867,2061,1445,On Track
Ghana,West Africa,2024,WASH,66657,49721,74.6,24696,25024,8291,2613,3322,At Risk
Ghana,West Africa,2024,Shelter,110847,85546,77.2,48283,37262,19724,7782,6280,On Track
Ghana,West Africa,2024,Food Security,36427,41217,113.2,20632,20584,6643,2839,1354,On Track
Ghana,West Africa,2024,Livelihoods,69543,64615,92.9,31269,33345,10481,5276,4955,On Track
Ghana,West Africa,2024,Protection,15418,12762,82.8,6529,6232,2561,675,477,On Track
Ghana,West Africa,2024,Disaster Risk Reduction,26491,25363,95.7,13327,12035,5112,2136,1606,On Track
Ghana,West Africa,2024,Migration,114897,100187,87.2,49488,50698,15328,7168,6535,On Track
Ghana,West Africa,2025,Health,142044,129532,91.2,74738,54793,20646,12575,6759,On Track
Ghana,West Africa,2025,WASH,87934,58211,66.2,32994,25216,9762,5732,4185,At Risk
Ghana,West Africa,2025,Shelter,73358,61808,84.3,32740,29067,13089,6849,3617,On Track
Ghana,West Africa,2025,Food Security,58545,51211,87.5,24736,26474,12449,5032,3268,On Track
Ghana,West Africa,2025,Livelihoods,87361,80006,91.6,41554,38451,17211,4597,5031,On Track
Ghana,West Africa,2025,Protection,67570,43822,64.9,25414,18407,6784,5188,2206,At Risk
Ghana,West Africa,2025,Disaster Risk Reduction,74629,64793,86.8,34774,30018,14503,7224,3253,On Track
Ghana,West Africa,2025,Migration,108752,96059,88.3,49249,46809,20821,10235,6542,On Track
Senegal,West Africa,2021,Health,39308,30478,77.5,17122,13355,4938,2685,923,On Track
Senegal,West Africa,2021,WASH,83642,85846,102.6,43992,41853,16022,6672,5560,On Track
Senegal,West Africa,2021,Shelter,124858,83816,67.1,42222,41593,15700,5524,2821,At Risk
Senegal,West Africa,2021,Food Security,87883,43677,49.7,23600,20076,9470,4077,2322,Off Track
Senegal,West Africa,2021,Livelihoods,24016,23229,96.7,12355,10873,4597,1203,1093,On Track
Senegal,West Africa,2021,Protection,7441,5739,77.1,2972,2766,1089,520,325,On Track
Senegal,West Africa,2021,Disaster Risk Reduction,125136,128594,102.8,72179,56414,28523,15030,3975,On Track
Senegal,West Africa,2021,Migration,31209,28231,90.5,14103,14127,4256,2691,2114,On Track
Senegal,West Africa,2022,Health,24204,20225,83.6,9829,10395,4923,1509,709,On Track
Senegal,West Africa,2022,WASH,145937,118298,81.1,62530,55767,20782,8273,5366,On Track
Senegal,West Africa,2022,Shelter,60877,51561,84.7,26354,25206,10881,5162,2249,On Track
Senegal,West Africa,2022,Food Security,137614,141577,102.9,73811,67765,22962,8874,9068,On Track
Senegal,West Africa,2022,Livelihoods,74520,62284,83.6,34312,27971,10008,5587,2667,On Track
Senegal,West Africa,2022,Protection,39722,24623,62.0,14190,10432,4884,2620,1416,At Risk
Senegal,West Africa,2022,Disaster Risk Reduction,96490,80934,83.9,46548,34385,17009,8687,6006,On Track
Senegal,West Africa,2022,Migration,23033,17403,75.6,8750,8652,2979,1614,879,On Track
Senegal,West Africa,2023,Health,69037,43729,63.3,24403,19325,7761,4704,2238,At Risk
Senegal,West Africa,2023,WASH,101869,72944,71.6,39882,33061,11638,6832,3836,At Risk
Senegal,West Africa,2023,Shelter,79707,51160,64.2,28326,22833,12088,3334,1779,At Risk
Senegal,West Africa,2023,Food Security,46352,40162,86.6,19372,20789,8602,3714,2302,On Track
Senegal,West Africa,2023,Livelihoods,119867,88267,73.6,47615,40651,17624,10516,3250,At Risk
Senegal,West Africa,2023,Protection,147401,90582,61.5,49776,40805,17249,7244,5967,At Risk
Senegal,West Africa,2023,Disaster Risk Reduction,84303,76323,90.5,38727,37595,12054,4273,5702,On Track
Senegal,West Africa,2023,Migration,143658,152889,106.4,76320,76568,27877,10070,7300,On Track
Senegal,West Africa,2024,Health,7050,5817,82.5,2831,2985,1338,386,331,On Track
Senegal,West Africa,2024,WASH,83480,58811,70.5,33405,25405,12649,5134,2718,At Risk
Senegal,West Africa,2024,Shelter,32154,32287,100.4,18707,13579,6979,2874,2148,On Track
Senegal,West Africa,2024,Food Security,40203,25671,63.9,13516,12154,4005,2293,1999,At Risk
Senegal,West Africa,2024,Livelihoods,74328,66955,90.1,33483,33471,13630,3800,3516,On Track
Senegal,West Africa,2024,Protection,35258,24042,68.2,13358,10683,4441,2321,1677,At Risk
Senegal,West Africa,2024,Disaster Risk Reduction,33058,21691,65.6,12564,9126,5264,1904,1563,At Risk
Senegal,West Africa,2024,Migration,45749,35342,77.3,18805,16536,7505,1987,2394,On Track
Senegal,West Africa,2025,Health,76394,64173,84.0,35821,28351,14174,3371,2897,On Track
Senegal,West Africa,2025,WASH,78860,62861,79.7,31827,31033,11693,3528,4830,On Track
Senegal,West Africa,2025,Shelter,60215,32791,54.5,17041,15749,6385,3018,1829,At Risk
Senegal,West Africa,2025,Food Security,94884,85034,89.6,48634,36399,16980,10157,6171,On Track
Senegal,West Africa,2025,Livelihoods,58371,48580,83.2,25167,23412,11552,5380,3414,On Track
Senegal,West Africa,2025,Protection,74201,59744,80.5,33397,26346,10781,3325,2996,On Track
Senegal,West Africa,2025,Disaster Risk Reduction,137489,123805,90.0,63711,60093,30649,11745,8805,On Track
Senegal,West Africa,2025,Migration,133065,91180,68.5,44974,46205,21536,10448,4955,At Risk
Ivory Coast,West Africa,2021,Health,70829,72849,102.9,36241,36607,14588,5675,2718,On Track
Ivory Coast,West Africa,2021,WASH,18316,16551,90.4,8552,7998,2595,857,608,On Track
Ivory Coast,West Africa,2021,Shelter,29195,24187,82.8,13945,10241,4674,1737,1337,On Track
Ivory Coast,West Africa,2021,Food Security,116037,104369,89.9,54684,49684,16758,9900,4258,On Track
Ivory Coast,West Africa,2021,Livelihoods,77530,81376,105.0,40297,41078,12705,8516,4312,On Track
Ivory Coast,West Africa,2021,Protection,16557,16603,100.3,8066,8536,4142,897,1075,On Track
Ivory Coast,West Africa,2021,Disaster Risk Reduction,5929,4316,72.8,2370,1945,674,369,344,At Risk
Ivory Coast,West Africa,2021,Migration,92439,71605,77.5,40198,31406,15146,5115,4381,On Track
Ivory Coast,West Africa,2022,Health,39293,17167,43.7,8464,8702,4097,1398,682,Off Track
Ivory Coast,West Africa,2022,WASH,73670,70734,96.0,36553,34180,13539,7634,4716,On Track
Ivory Coast,West Africa,2022,Shelter,47357,34737,73.4,16740,17996,6113,3585,1280,At Risk
Ivory Coast,West Africa,2022,Food Security,120824,52116,43.1,27805,24310,8938,2650,2192,Off Track
Ivory Coast,West Africa,2022,Livelihoods,149619,122343,81.8,60067,62275,25055,10008,8835,On Track
Ivory Coast,West Africa,2022,Protection,117115,106210,90.7,52022,54187,21117,6426,4910,On Track
Ivory Coast,West Africa,2022,Disaster Risk Reduction,7534,5982,79.4,3096,2885,1133,491,414,On Track
Ivory Coast,West Africa,2022,Migration,34327,36961,107.7,21038,15922,9075,3883,1691,On Track
Ivory Coast,West Africa,2023,Health,24724,18027,72.9,9112,8914,4219,949,1353,At Risk
Ivory Coast,West Africa,2023,WASH,44073,48211,109.4,25366,22844,10303,4635,3604,On Track
Ivory Coast,West Africa,2023,Shelter,148023,150282,101.5,73137,77144,30333,9093,10049,On Track
Ivory Coast,West Africa,2023,Food Security,14444,15227,105.4,8088,7138,3319,805,521,On Track
Ivory Coast,West Africa,2023,Livelihoods,101787,77887,76.5,37940,39946,11777,9109,5208,On Track
Ivory Coast,West Africa,2023,Protection,149841,127020,84.8,65456,61563,22819,9460,8730,On Track
Ivory Coast,West Africa,2023,Disaster Risk Reduction,43821,29051,66.3,14450,14600,4643,2795,1981,At Risk
Ivory Coast,West Africa,2023,Migration,117666,105957,90.0,53667,52289,16115,5907,8306,On Track
Ivory Coast,West Africa,2024,Health,38409,37233,96.9,20197,17035,7007,2397,1342,On Track
Ivory Coast,West Africa,2024,WASH,15965,11278,70.6,6107,5170,2565,1072,637,At Risk
Ivory Coast,West Africa,2024,Shelter,85808,62079,72.3,35881,26197,13048,5634,4184,At Risk
Ivory Coast,West Africa,2024,Food Security,100591,96484,95.9,54144,42339,20806,5689,4526,On Track
Ivory Coast,West Africa,2024,Livelihoods,15458,10252,66.3,5371,4880,2166,1189,430,At Risk
Ivory Coast,West Africa,2024,Protection,98797,51873,52.5,25529,26343,8805,5814,3231,At Risk
Ivory Coast,West Africa,2024,Disaster Risk Reduction,60070,57010,94.9,32275,24734,13377,6517,2429,On Track
Ivory Coast,West Africa,2024,Migration,70412,51579,73.3,28652,22926,10112,5619,3426,At Risk
Ivory Coast,West Africa,2025,Health,31946,29372,91.9,14619,14752,6006,3493,2257,On Track
Ivory Coast,West Africa,2025,WASH,97714,97325,99.6,47136,50188,16202,5763,6452,On Track
Ivory Coast,West Africa,2025,Shelter,111529,82610,74.1,43831,38778,19336,8368,4718,At Risk
Ivory Coast,West Africa,2025,Food Security,45515,41325,90.8,22275,19049,8299,2926,2407,On Track
Ivory Coast,West Africa,2025,Livelihoods,67059,62566,93.3,34012,28553,14146,3829,3320,On Track
Ivory Coast,West Africa,2025,Protection,47598,41751,87.7,20079,21671,7292,4210,3322,On Track
Ivory Coast,West Africa,2025,Disaster Risk Reduction,51413,40546,78.9,22706,17839,6909,3602,2702,On Track
Ivory Coast,West Africa,2025,Migration,113080,78299,69.2,42406,35892,13217,5862,5417,At Risk
Mali,West Africa,2021,Health,11497,9196,80.0,5113,4082,1411,939,368,On Track
Mali,West Africa,2021,WASH,52018,42769,82.2,24626,18142,7988,3117,1601,On Track
Mali,West Africa,2021,Shelter,92080,85483,92.8,49548,35934,15970,6958,5650,On Track
Mali,West Africa,2021,Food Security,112928,86285,76.4,49063,37221,18059,6679,4368,On Track
Mali,West Africa,2021,Livelihoods,70055,41413,59.1,23167,18245,6597,3775,2238,At Risk
Mali,West Africa,2021,Protection,74941,75644,100.9,41167,34476,11837,6853,4392,On Track
Mali,West Africa,2021,Disaster Risk Reduction,46732,52770,112.9,28899,23870,12163,3635,3759,On Track
Mali,West Africa,2021,Migration,33336,33377,100.1,17683,15693,5263,1805,1559,On Track
Mali,West Africa,2022,Health,105281,97327,92.4,54392,42934,19633,7865,3637,On Track
Mali,West Africa,2022,WASH,15151,14594,96.3,7484,7109,2822,820,598,On Track
Mali,West Africa,2022,Shelter,128388,134424,104.7,77943,56480,32706,12767,6864,On Track
Mali,West Africa,2022,Food Security,63309,57903,91.5,31477,26425,13234,3374,2923,On Track
Mali,West Africa,2022,Livelihoods,57316,43799,76.4,23528,20270,9144,2755,2107,On Track
Mali,West Africa,2022,Protection,125665,123567,98.3,63445,60121,18858,6387,8845,On Track
Mali,West Africa,2022,Disaster Risk Reduction,96660,81303,84.1,41454,39848,19843,5540,4185,On Track
Mali,West Africa,2022,Migration,85003,47154,55.5,26749,20404,11043,2971,3307,At Risk
Mali,West Africa,2023,Health,64662,41675,64.5,20560,21114,6587,4207,2284,At Risk
Mali,West Africa,2023,WASH,63438,24687,38.9,12928,11758,5503,2557,936,Off Track
Mali,West Africa,2023,Shelter,11203,7508,67.0,4167,3340,1619,878,251,At Risk
Mali,West Africa,2023,Food Security,55627,48132,86.5,23377,24754,8578,3288,2038,On Track
Mali,West Africa,2023,Livelihoods,109455,86034,78.6,43636,42397,19438,7010,5922,On Track
Mali,West Africa,2023,Protection,91051,79679,87.5,38766,40912,15836,4171,2639,On Track
Mali,West Africa,2023,Disaster Risk Reduction,78034,35611,45.6,18330,17280,8546,1834,2250,Off Track
Mali,West Africa,2023,Migration,23198,22098,95.3,12735,9362,4552,2554,720,On Track
Mali,West Africa,2024,Health,78170,45777,58.6,25318,20458,11358,3110,2870,At Risk
Mali,West Africa,2024,WASH,97050,71879,74.1,35925,35953,14845,5928,5649,At Risk
Mali,West Africa,2024,Shelter,138537,80037,57.8,39330,40706,13216,5264,3405,At Risk
Mali,West Africa,2024,Food Security,109773,109192,99.5,61700,47491,22506,9460,3902,On Track
Mali,West Africa,2024,Livelihoods,145565,128726,88.4,62659,66066,28420,11334,4387,On Track
Mali,West Africa,2024,Protection,91808,84827,92.4,44604,40222,16835,5225,6555,On Track
Mali,West Africa,2024,Disaster Risk Reduction,12235,10833,88.5,5700,5132,2071,1035,620,On Track
Mali,West Africa,2024,Migration,35236,33671,95.6,16371,17299,6776,3584,1783,On Track
Mali,West Africa,2025,Health,73475,53130,72.3,26377,26752,9723,5470,2973,At Risk
Mali,West Africa,2025,WASH,51810,36273,70.0,18154,18118,8625,4047,2667,At Risk
Mali,West Africa,2025,Shelter,74590,57898,77.6,33493,24404,13154,3005,1925,On Track
Mali,West Africa,2025,Food Security,15028,8799,58.6,4631,4167,2119,771,482,At Risk
Mali,West Africa,2025,Livelihoods,33417,28899,86.5,16247,12651,5434,3013,2260,On Track
Mali,West Africa,2025,Protection,118918,84102,70.7,42082,42019,17016,5895,5857,At Risk
Mali,West Africa,2025,Disaster Risk Reduction,95619,105276,110.1,58932,46343,19960,12007,5964,On Track
Mali,West Africa,2025,Migration,87228,85658,98.2,42468,43189,18809,9039,3926,On Track
DRC,Central Africa,2021,Health,119398,91910,77.0,45810,46099,22003,8805,3456,On Track
DRC,Central Africa,2021,WASH,139066,105614,75.9,55345,50268,22340,5897,7828,On Track
DRC,Central Africa,2021,Shelter,35315,29086,82.4,16774,12311,5577,3457,1843,On Track
DRC,Central Africa,2021,Food Security,105976,109349,103.2,59427,49921,18217,12218,5617,On Track
DRC,Central Africa,2021,Livelihoods,54828,54724,99.8,30204,24519,13080,3040,3643,On Track
DRC,Central Africa,2021,Protection,71773,86732,120.8,43256,43475,20452,9309,4947,On Track
DRC,Central Africa,2021,Disaster Risk Reduction,16635,11129,66.9,5866,5262,2583,914,532,At Risk
DRC,Central Africa,2021,Migration,119309,118233,99.1,62595,55637,27527,8685,4574,On Track
DRC,Central Africa,2022,Health,5443,5149,94.6,2523,2625,895,308,244,On Track
DRC,Central Africa,2022,WASH,141293,127447,90.2,66914,60532,28660,12181,7780,On Track
DRC,Central Africa,2022,Shelter,146151,141729,97.0,74709,67019,35136,13377,5146,On Track
DRC,Central Africa,2022,Food Security,56651,42786,75.5,23430,19355,7808,4194,1432,On Track
DRC,Central Africa,2022,Livelihoods,100478,86661,86.2,43566,43094,20253,6027,5385,On Track
DRC,Central Africa,2022,Protection,118062,92225,78.1,50669,41555,18561,6582,3747,On Track
DRC,Central Africa,2022,Disaster Risk Reduction,23343,20940,89.7,11875,9064,4745,2202,1324,On Track
DRC,Central Africa,2022,Migration,91559,77544,84.7,39239,38304,18666,7517,4499,On Track
DRC,Central Africa,2023,Health,87291,69841,80.0,36738,33102,16514,6164,3423,On Track
DRC,Central Africa,2023,WASH,37669,25382,67.4,14662,10719,4088,2019,814,At Risk
DRC,Central Africa,2023,Shelter,83727,72825,87.0,36995,35829,17174,5130,5501,On Track
DRC,Central Africa,2023,Food Security,137939,117051,84.9,65009,52041,26979,6000,9146,On Track
DRC,Central Africa,2023,Livelihoods,86077,58505,68.0,32934,25570,10422,6499,2084,At Risk
DRC,Central Africa,2023,Protection,112057,110140,98.3,60617,49522,22476,6251,4636,On Track
DRC,Central Africa,2023,Disaster Risk Reduction,90506,73951,81.7,37724,36226,15517,5236,3327,On Track
DRC,Central Africa,2023,Migration,110486,85573,77.5,47434,38138,13247,9687,6213,On Track
DRC,Central Africa,2024,Health,82504,79413,96.3,45204,34208,13383,4409,3333,On Track
DRC,Central Africa,2024,WASH,38367,41305,107.7,23108,18196,6338,3750,3294,On Track
DRC,Central Africa,2024,Shelter,55289,45917,83.1,22332,23584,10704,4221,1641,On Track
DRC,Central Africa,2024,Food Security,115217,114558,99.4,56063,58494,27604,11094,8186,On Track
DRC,Central Africa,2024,Livelihoods,104390,88568,84.8,47095,41472,17097,6393,4581,On Track
DRC,Central Africa,2024,Protection,50620,49109,97.0,27372,21736,10322,5523,2561,On Track
DRC,Central Africa,2024,Disaster Risk Reduction,83892,89080,106.2,48029,41050,19621,5934,4954,On Track
DRC,Central Africa,2024,Migration,111450,113371,101.7,55599,57771,21364,9538,7098,On Track
DRC,Central Africa,2025,Health,148638,124630,83.8,69089,55540,25004,11763,4180,On Track
DRC,Central Africa,2025,WASH,5106,4609,90.3,2329,2279,858,382,148,On Track
DRC,Central Africa,2025,Shelter,84658,63967,75.6,36918,27048,11714,5356,2546,On Track
DRC,Central Africa,2025,Food Security,80212,57442,71.6,31080,26361,10228,3704,3206,At Risk
DRC,Central Africa,2025,Livelihoods,60098,46492,77.4,26047,20444,9633,3993,2077,On Track
DRC,Central Africa,2025,Protection,117692,83229,70.7,47704,35524,15788,4668,5064,At Risk
DRC,Central Africa,2025,Disaster Risk Reduction,89475,69087,77.2,36667,32419,16402,5841,4498,On Track
DRC,Central Africa,2025,Migration,126893,88900,70.1,51498,37401,14503,6154,4420,At Risk
Cameroon,Central Africa,2021,Health,120811,66389,55.0,37892,28496,14698,6144,3018,At Risk
Cameroon,Central Africa,2021,WASH,120909,70414,58.2,39599,30814,17287,7568,2117,At Risk
Cameroon,Central Africa,2021,Shelter,61020,45614,74.8,23069,22544,7113,4208,2934,At Risk
Cameroon,Central Africa,2021,Food Security,139001,117041,84.2,57519,59521,22048,9589,5670,On Track
Cameroon,Central Africa,2021,Livelihoods,129042,101727,78.8,56470,45256,15981,5657,4856,On Track
Cameroon,Central Africa,2021,Protection,49483,33248,67.2,19090,14157,7210,3241,1599,At Risk
Cameroon,Central Africa,2021,Disaster Risk Reduction,27228,21924,80.5,11918,10005,5290,2036,1615,On Track
Cameroon,Central Africa,2021,Migration,79392,65325,82.3,36085,29239,10586,7392,2176,On Track
Cameroon,Central Africa,2022,Health,140122,90860,64.8,43719,47140,17463,6419,4933,At Risk
Cameroon,Central Africa,2022,WASH,92867,77663,83.6,41760,35902,11989,4551,4499,On Track
Cameroon,Central Africa,2022,Shelter,29480,29770,101.0,16231,13538,6982,2931,1533,On Track
Cameroon,Central Africa,2022,Food Security,66569,45937,69.0,25141,20795,8155,3281,3190,At Risk
Cameroon,Central Africa,2022,Livelihoods,86374,88867,102.9,49964,38902,20950,10145,4581,On Track
Cameroon,Central Africa,2022,Protection,63888,49991,78.2,25589,24401,10409,3798,3002,On Track
Cameroon,Central Africa,2022,Disaster Risk Reduction,57200,55763,97.5,28854,26908,9294,4468,2070,On Track
Cameroon,Central Africa,2022,Migration,43627,43147,98.9,24551,18595,7964,2623,1349,On Track
Cameroon,Central Africa,2023,Health,11402,11590,101.7,5957,5632,1821,911,528,On Track
Cameroon,Central Africa,2023,WASH,17114,17616,102.9,9648,7967,3709,1330,720,On Track
Cameroon,Central Africa,2023,Shelter,69184,56456,81.6,30984,25471,9261,4741,1771,On Track
Cameroon,Central Africa,2023,Food Security,129554,111678,86.2,59250,52427,27517,8587,3568,On Track
Cameroon,Central Africa,2023,Livelihoods,24091,19435,80.7,9639,9795,2960,2000,1028,On Track
Cameroon,Central Africa,2023,Protection,124384,95091,76.4,48394,46696,22822,5527,7397,On Track
Cameroon,Central Africa,2023,Disaster Risk Reduction,113643,105067,92.5,56767,48299,24446,12490,4667,On Track
Cameroon,Central Africa,2023,Migration,55970,43092,77.0,24825,18266,8142,3317,2026,On Track
Cameroon,Central Africa,2024,Health,105657,67716,64.1,36253,31462,13825,6997,4854,At Risk
Cameroon,Central Africa,2024,WASH,134598,113256,84.1,59351,53904,20412,7718,4499,On Track
Cameroon,Central Africa,2024,Shelter,109766,87239,79.5,44232,43006,21516,7767,4131,On Track
Cameroon,Central Africa,2024,Food Security,68959,51663,74.9,27797,23865,8468,4188,3167,At Risk
Cameroon,Central Africa,2024,Livelihoods,43684,19240,44.0,11147,8092,4579,1801,1124,Off Track
Cameroon,Central Africa,2024,Protection,6453,5014,77.7,2717,2296,853,389,160,On Track
Cameroon,Central Africa,2024,Disaster Risk Reduction,32941,40077,121.7,20149,19927,9875,4555,2649,On Track
Cameroon,Central Africa,2024,Migration,116449,69235,59.5,36925,32309,16408,4094,4813,At Risk
Cameroon,Central Africa,2025,Health,62367,53658,86.0,27235,26422,12754,6228,2008,On Track
Cameroon,Central Africa,2025,WASH,51107,39276,76.9,20669,18606,9744,3292,2874,On Track
Cameroon,Central Africa,2025,Shelter,140779,77997,55.4,39667,38329,13284,8059,3847,At Risk
Cameroon,Central Africa,2025,Food Security,126778,127955,100.9,67960,59994,25492,11568,9376,On Track
Cameroon,Central Africa,2025,Livelihoods,18164,14744,81.2,8297,6446,3338,1329,1147,On Track
Cameroon,Central Africa,2025,Protection,70325,60678,86.3,30341,30336,9764,6661,3152,On Track
Cameroon,Central Africa,2025,Disaster Risk Reduction,36813,33464,90.9,18159,15304,8119,1717,1801,On Track
Cameroon,Central Africa,2025,Migration,124658,47238,37.9,25922,21315,10499,4651,1734,Off Track
Chad,Central Africa,2021,Health,39954,26939,67.4,15097,11841,4791,1744,2097,At Risk
Chad,Central Africa,2021,WASH,126803,77737,61.3,37382,40354,19417,7569,5552,At Risk
Chad,Central Africa,2021,Shelter,144233,133958,92.9,74219,59738,22007,13762,9168,On Track
Chad,Central Africa,2021,Food Security,88177,79132,89.7,43194,35937,17932,8642,4801,On Track
Chad,Central Africa,2021,Livelihoods,121017,98752,81.6,48167,50584,18837,7751,3288,On Track
Chad,Central Africa,2021,Protection,137324,94440,68.8,48625,45814,15214,10065,7308,At Risk
Chad,Central Africa,2021,Disaster Risk Reduction,116867,62635,53.6,30546,32088,12530,6615,4093,At Risk
Chad,Central Africa,2021,Migration,148621,126624,85.2,61415,65208,19916,9902,5668,On Track
Chad,Central Africa,2022,Health,121893,85889,70.5,48127,37761,20864,6730,6467,At Risk
Chad,Central Africa,2022,WASH,46722,31724,67.9,16247,15476,6270,2088,1967,At Risk
Chad,Central Africa,2022,Shelter,129433,107298,82.9,55342,51955,23045,6288,7986,On Track
Chad,Central Africa,2022,Food Security,122983,105962,86.2,56192,49769,20655,9643,6489,On Track
Chad,Central Africa,2022,Livelihoods,72945,62108,85.1,31314,30793,13750,6681,4359,On Track
Chad,Central Africa,2022,Protection,69812,52097,74.6,27884,24212,10524,3125,3582,At Risk
Chad,Central Africa,2022,Disaster Risk Reduction,77695,63411,81.6,32239,31171,10360,5965,2074,On Track
Chad,Central Africa,2022,Migration,141655,78567,55.5,43594,34972,14280,3929,4364,At Risk
Chad,Central Africa,2023,Health,132034,101773,77.1,57393,44379,15304,6847,6823,On Track
Chad,Central Africa,2023,WASH,67716,57103,84.3,29215,27887,9147,4295,2485,On Track
Chad,Central Africa,2023,Shelter,76984,57627,74.9,32207,25419,13783,4631,4350,At Risk
Chad,Central Africa,2023,Food Security,120309,114432,95.1,59245,55186,28196,6436,7363,On Track
Chad,Central Africa,2023,Livelihoods,25311,11495,45.4,6244,5250,2533,578,440,Off Track
Chad,Central Africa,2023,Protection,79901,63909,80.0,35233,28675,13845,7517,4349,On Track
Chad,Central Africa,2023,Disaster Risk Reduction,66471,55390,83.3,28238,27151,8892,5800,3445,On Track
Chad,Central Africa,2023,Migration,76228,64763,85.0,31398,33364,12046,7575,3563,On Track
Chad,Central Africa,2024,Health,93040,56142,60.3,28120,28021,10491,4260,1831,At Risk
Chad,Central Africa,2024,WASH,88809,42235,47.6,23514,18720,8094,4542,3062,Off Track
Chad,Central Africa,2024,Shelter,146597,133891,91.3,70591,63299,31868,8716,8554,On Track
Chad,Central Africa,2024,Food Security,26122,16957,64.9,9169,7787,3044,1009,1061,At Risk
Chad,Central Africa,2024,Livelihoods,41273,28459,69.0,15495,12963,5393,2843,1137,At Risk
Chad,Central Africa,2024,Protection,44539,44040,98.9,25059,18980,7871,3335,1449,On Track
Chad,Central Africa,2024,Disaster Risk Reduction,65623,54213,82.6,27472,26740,12661,2766,2653,On Track
Chad,Central Africa,2024,Migration,105410,70590,67.0,36264,34325,10724,4144,3577,At Risk
Chad,Central Africa,2025,Health,45056,19628,43.6,10463,9164,4112,995,1044,Off Track
Chad,Central Africa,2025,WASH,61086,48340,79.1,27860,20479,9760,4709,2203,On Track
Chad,Central Africa,2025,Shelter,21837,20249,92.7,10775,9473,5013,1190,624,On Track
Chad,Central Africa,2025,Food Security,113755,105533,92.8,58783,46749,24348,6164,4567,On Track
Chad,Central Africa,2025,Livelihoods,111849,93425,83.5,48096,45328,17486,4680,4203,On Track
Chad,Central Africa,2025,Protection,91738,96540,105.2,52580,43959,23885,10551,3010,On Track
Chad,Central Africa,2025,Disaster Risk Reduction,147242,124566,84.6,69512,55053,24389,9698,5623,On Track
Chad,Central Africa,2025,Migration,127139,108906,85.7,52990,55915,18821,7325,5903,On Track
South Africa,Southern Africa,2021,Health,113992,90466,79.4,43946,46519,22234,10493,6265,On Track
South Africa,Southern Africa,2021,WASH,21322,22797,106.9,13202,9594,4660,2676,770,On Track
South Africa,Southern Africa,2021,Shelter,59220,37366,63.1,18667,18698,6131,3496,2580,At Risk
South Africa,Southern Africa,2021,Food Security,115138,83768,72.8,45052,38715,13796,8944,5176,At Risk
South Africa,Southern Africa,2021,Livelihoods,107099,113212,105.7,57284,55927,20889,12931,5040,On Track
South Africa,Southern Africa,2021,Protection,10120,6757,66.8,3560,3196,1615,672,223,At Risk
South Africa,Southern Africa,2021,Disaster Risk Reduction,104714,72747,69.5,35895,36851,17880,6334,3062,At Risk
South Africa,Southern Africa,2021,Migration,130037,147387,113.3,78124,69262,32124,8155,6445,On Track
South Africa,Southern Africa,2022,Health,6545,5189,79.3,2774,2414,1002,275,198,On Track
South Africa,Southern Africa,2022,WASH,97211,99731,102.6,52314,47416,17045,5335,7198,On Track
South Africa,Southern Africa,2022,Shelter,83279,62926,75.6,36249,26676,10678,7337,5017,On Track
South Africa,Southern Africa,2022,Food Security,107232,97397,90.8,53682,43714,24165,8752,4185,On Track
South Africa,Southern Africa,2022,Livelihoods,114843,129042,112.4,62883,66158,27387,15315,5097,On Track
South Africa,Southern Africa,2022,Protection,146091,89922,61.6,50289,39632,21652,10436,7014,At Risk
South Africa,Southern Africa,2022,Disaster Risk Reduction,148165,130960,88.4,72778,58181,21761,10919,8632,On Track
South Africa,Southern Africa,2022,Migration,62812,51686,82.3,26087,25598,11063,4996,1971,On Track
South Africa,Southern Africa,2023,Health,132986,138653,104.3,73470,65182,20965,7020,6634,On Track
South Africa,Southern Africa,2023,WASH,62520,54601,87.3,31265,23335,9438,5154,2244,On Track
South Africa,Southern Africa,2023,Shelter,76548,72900,95.2,40305,32594,11630,5832,2293,On Track
South Africa,Southern Africa,2023,Food Security,119251,89698,75.2,47368,42329,19396,5228,3986,On Track
South Africa,Southern Africa,2023,Livelihoods,132308,123261,93.2,71408,51852,19042,12729,5988,On Track
South Africa,Southern Africa,2023,Protection,12608,9995,79.3,5189,4805,2253,1142,775,On Track
South Africa,Southern Africa,2023,Disaster Risk Reduction,106936,57747,54.0,32266,25480,10111,5167,2767,At Risk
South Africa,Southern Africa,2023,Migration,93114,90425,97.1,49341,41083,15737,5733,6864,On Track
South Africa,Southern Africa,2024,Health,110989,91248,82.2,45814,45433,14042,4792,3536,On Track
South Africa,Southern Africa,2024,WASH,48265,32671,67.7,18513,14157,5823,3807,1930,At Risk
South Africa,Southern Africa,2024,Shelter,127523,142375,111.6,75696,66678,32159,9934,6784,On Track
South Africa,Southern Africa,2024,Food Security,38456,22510,58.5,12817,9692,5506,2531,1147,At Risk
South Africa,Southern Africa,2024,Livelihoods,145017,116139,80.1,61525,54613,19797,10612,4565,On Track
South Africa,Southern Africa,2024,Protection,12069,12632,104.7,6482,6149,2974,814,423,On Track
South Africa,Southern Africa,2024,Disaster Risk Reduction,108290,46496,42.9,26088,20407,10860,3405,3007,Off Track
South Africa,Southern Africa,2024,Migration,12104,10286,85.0,5730,4555,2216,623,759,On Track
South Africa,Southern Africa,2025,Health,27006,14940,55.3,7806,7133,2297,880,1020,At Risk
South Africa,Southern Africa,2025,WASH,117358,101860,86.8,48892,52967,19522,8818,3334,On Track
South Africa,Southern Africa,2025,Shelter,40572,26652,65.7,13407,13244,4001,2693,2087,At Risk
South Africa,Southern Africa,2025,Food Security,126031,82818,65.7,41610,41207,17913,8441,5997,At Risk
South Africa,Southern Africa,2025,Livelihoods,52639,29537,56.1,15138,14398,6535,3165,1154,At Risk
South Africa,Southern Africa,2025,Protection,18181,13060,71.8,6753,6306,3136,1390,1034,At Risk
South Africa,Southern Africa,2025,Disaster Risk Reduction,73198,53461,73.0,28818,24642,11552,2966,3059,At Risk
South Africa,Southern Africa,2025,Migration,104379,107860,103.3,59423,48436,17983,11286,6384,On Track
Mozambique,Southern Africa,2021,Health,90813,83327,91.8,42468,40858,18452,8593,2926,On Track
Mozambique,Southern Africa,2021,WASH,60485,35960,59.5,19108,16851,7223,2727,2756,At Risk
Mozambique,Southern Africa,2021,Shelter,124196,111798,90.0,61649,50148,21931,12797,7236,On Track
Mozambique,Southern Africa,2021,Food Security,90680,86431,95.3,47787,38643,20412,5979,6080,On Track
Mozambique,Southern Africa,2021,Livelihoods,93473,68819,73.6,35342,33476,17056,7567,4477,At Risk
Mozambique,Southern Africa,2021,Protection,104385,68369,65.5,37787,30581,14098,7951,3747,At Risk
Mozambique,Southern Africa,2021,Disaster Risk Reduction,77943,51149,65.6,28572,22576,11428,3933,1598,At Risk
Mozambique,Southern Africa,2021,Migration,115510,88011,76.2,49629,38381,13302,8735,6909,On Track
Mozambique,Southern Africa,2022,Health,71131,42132,59.2,23193,18938,9762,3718,3301,At Risk
Mozambique,Southern Africa,2022,WASH,26471,20288,76.6,9843,10444,4067,2034,1483,On Track
Mozambique,Southern Africa,2022,Shelter,128288,114664,89.4,61376,53287,21746,6790,8400,On Track
Mozambique,Southern Africa,2022,Food Security,10081,7470,74.1,3703,3766,1351,525,549,At Risk
Mozambique,Southern Africa,2022,Livelihoods,146405,143329,97.9,72387,70941,30455,12902,10268,On Track
Mozambique,Southern Africa,2022,Protection,18653,17021,91.3,9712,7308,2573,1654,554,On Track
Mozambique,Southern Africa,2022,Disaster Risk Reduction,96740,53551,55.4,27347,26203,9922,5006,2500,At Risk
Mozambique,Southern Africa,2022,Migration,63778,56207,88.1,31097,25109,10704,3079,3888,On Track
Mozambique,Southern Africa,2023,Health,22987,17001,74.0,9325,7675,3115,917,827,At Risk
Mozambique,Southern Africa,2023,WASH,15553,8770,56.4,5037,3732,1878,850,540,At Risk
Mozambique,Southern Africa,2023,Shelter,13134,10061,76.6,5584,4476,1611,698,440,On Track
Mozambique,Southern Africa,2023,Food Security,69823,43366,62.1,22689,20676,10756,2373,2425,At Risk
Mozambique,Southern Africa,2023,Livelihoods,57261,44975,78.5,24906,20068,9914,3579,2128,On Track
Mozambique,Southern Africa,2023,Protection,10342,7046,68.1,3662,3383,1243,453,381,At Risk
Mozambique,Southern Africa,2023,Disaster Risk Reduction,44946,30640,68.2,16719,13920,7563,2826,1037,At Risk
Mozambique,Southern Africa,2023,Migration,67533,45207,66.9,22041,23165,11082,3201,1564,At Risk
Mozambique,Southern Africa,2024,Health,38088,40792,107.1,22225,18566,7209,2082,3192,On Track
Mozambique,Southern Africa,2024,WASH,129141,131861,102.1,66601,65259,28693,13115,7977,On Track
Mozambique,Southern Africa,2024,Shelter,34986,22797,65.2,12305,10491,5393,2650,804,At Risk
Mozambique,Southern Africa,2024,Food Security,62138,42401,68.2,21008,21392,10365,4306,3144,At Risk
Mozambique,Southern Africa,2024,Livelihoods,126905,111499,87.9,61337,50161,24308,8760,3430,On Track
Mozambique,Southern Africa,2024,Protection,72172,44820,62.1,24126,20693,7857,3653,3490,At Risk
Mozambique,Southern Africa,2024,Disaster Risk Reduction,101703,100548,98.9,50158,50389,21843,11903,3528,On Track
Mozambique,Southern Africa,2024,Migration,48984,37712,77.0,18133,19578,7291,2130,2542,On Track
Mozambique,Southern Africa,2025,Health,35024,28028,80.0,14178,13849,5421,2820,853,On Track
Mozambique,Southern Africa,2025,WASH,47930,45241,94.4,24382,20858,9560,4281,1904,On Track
Mozambique,Southern Africa,2025,Shelter,86536,64430,74.5,32210,32219,15318,6553,1977,At Risk
Mozambique,Southern Africa,2025,Food Security,33337,28653,86.0,14465,14187,4912,1975,1214,On Track
Mozambique,Southern Africa,2025,Livelihoods,11731,9501,81.0,5256,4244,2001,922,323,On Track
Mozambique,Southern Africa,2025,Protection,86777,61840,71.3,35567,26272,14461,6577,4399,At Risk
Mozambique,Southern Africa,2025,Disaster Risk Reduction,103384,85952,83.1,42978,42973,18194,8767,5749,On Track
Mozambique,Southern Africa,2025,Migration,108980,101504,93.1,54014,47489,15920,7712,7718,On Track
Zimbabwe,Southern Africa,2021,Health,56990,55904,98.1,28336,27567,10445,6298,3540,On Track
Zimbabwe,Southern Africa,2021,WASH,24922,29272,117.5,16355,12916,5720,2755,1241,On Track
Zimbabwe,Southern Africa,2021,Shelter,68661,50062,72.9,26245,23816,10759,5784,1662,At Risk
Zimbabwe,Southern Africa,2021,Food Security,31712,34182,107.8,19226,14955,6126,2771,1062,On Track
Zimbabwe,Southern Africa,2021,Livelihoods,84058,69247,82.4,33627,35619,13787,7956,2442,On Track
Zimbabwe,Southern Africa,2021,Protection,36733,19543,53.2,10874,8668,3732,1873,840,At Risk
Zimbabwe,Southern Africa,2021,Disaster Risk Reduction,15766,12268,77.8,5975,6292,2067,1183,908,On Track
Zimbabwe,Southern Africa,2021,Migration,96017,74704,77.8,41939,32764,16323,4312,3321,On Track
Zimbabwe,Southern Africa,2022,Health,144655,95071,65.7,50530,44540,19352,7128,4533,At Risk
Zimbabwe,Southern Africa,2022,WASH,117296,81660,69.6,45962,35697,18694,5842,6180,At Risk
Zimbabwe,Southern Africa,2022,Shelter,102142,81834,80.1,42180,39653,16412,9482,6040,On Track
Zimbabwe,Southern Africa,2022,Food Security,23076,20057,86.9,9833,10223,3796,1779,1106,On Track
Zimbabwe,Southern Africa,2022,Livelihoods,137634,120446,87.5,65967,54478,28159,13262,8120,On Track
Zimbabwe,Southern Africa,2022,Protection,94451,73007,77.3,38249,34757,15408,4469,4649,On Track
Zimbabwe,Southern Africa,2022,Disaster Risk Reduction,8316,7512,90.3,3778,3733,1215,462,226,On Track
Zimbabwe,Southern Africa,2022,Migration,115115,78531,68.2,43339,35191,17531,6757,2989,At Risk
Zimbabwe,Southern Africa,2023,Health,133503,95262,71.4,46729,48532,16407,8225,5752,At Risk
Zimbabwe,Southern Africa,2023,WASH,32666,20619,63.1,10403,10215,3211,1595,860,At Risk
Zimbabwe,Southern Africa,2023,Shelter,118645,115466,97.3,60224,55241,22272,10145,7484,On Track
Zimbabwe,Southern Africa,2023,Food Security,99945,113264,113.3,62319,50944,18934,9628,5730,On Track
Zimbabwe,Southern Africa,2023,Livelihoods,125517,109096,86.9,58175,50920,17623,10079,3912,On Track
Zimbabwe,Southern Africa,2023,Protection,45105,43239,95.9,22212,21026,7103,4256,1743,On Track
Zimbabwe,Southern Africa,2023,Disaster Risk Reduction,119160,113055,94.9,56576,56478,22699,8970,3494,On Track
Zimbabwe,Southern Africa,2023,Migration,51173,40160,78.5,22460,17699,6301,3341,2330,On Track
Zimbabwe,Southern Africa,2024,Health,141772,147389,104.0,74479,72909,22255,14833,8369,On Track
Zimbabwe,Southern Africa,2024,WASH,75800,73490,97.0,41419,32070,17059,8012,3987,On Track
Zimbabwe,Southern Africa,2024,Shelter,146078,143809,98.4,75518,68290,24209,15797,10660,On Track
Zimbabwe,Southern Africa,2024,Food Security,131745,95666,72.6,50380,45285,15074,7380,6713,At Risk
Zimbabwe,Southern Africa,2024,Livelihoods,126863,103212,81.4,50233,52978,24537,7973,5892,On Track
Zimbabwe,Southern Africa,2024,Protection,119183,98767,82.9,56969,41797,15472,9420,3328,On Track
Zimbabwe,Southern Africa,2024,Disaster Risk Reduction,75358,75358,100.0,39438,35919,18818,6716,3470,On Track
Zimbabwe,Southern Africa,2024,Migration,89490,66778,74.6,33523,33254,12357,5080,2232,At Risk
Zimbabwe,Southern Africa,2025,Health,69355,50579,72.9,27933,22645,10908,5038,1538,At Risk
Zimbabwe,Southern Africa,2025,WASH,27718,13558,48.9,6802,6755,2930,1137,410,Off Track
Zimbabwe,Southern Africa,2025,Shelter,78119,71074,91.0,38013,33060,11133,7367,4206,On Track
Zimbabwe,Southern Africa,2025,Food Security,123175,113351,92.0,63272,50078,25523,12039,6336,On Track
Zimbabwe,Southern Africa,2025,Livelihoods,68927,60756,88.1,32932,27823,13623,3760,2414,On Track
Zimbabwe,Southern Africa,2025,Protection,126820,87611,69.1,49854,37756,19712,9950,5951,At Risk
Zimbabwe,Southern Africa,2025,Disaster Risk Reduction,104349,112174,107.5,63817,48356,23318,10574,4242,On Track
Zimbabwe,Southern Africa,2025,Migration,93184,91388,98.1,48197,43190,20255,6302,3665,On Track
Zambia,Southern Africa,2021,Health,12523,8222,65.7,4123,4098,1582,933,455,At Risk
Zambia,Southern Africa,2021,WASH,134579,94512,70.2,47141,47370,14904,9331,4644,At Risk
Zambia,Southern Africa,2021,Shelter,90200,80875,89.7,45259,35615,14330,7963,3494,On Track
Zambia,Southern Africa,2021,Food Security,52668,51329,97.5,29458,21870,10965,3732,2231,On Track
Zambia,Southern Africa,2021,Livelihoods,132808,120800,91.0,60626,60173,25311,8277,7622,On Track
Zambia,Southern Africa,2021,Protection,60605,41074,67.8,23062,18011,9356,4241,1617,At Risk
Zambia,Southern Africa,2021,Disaster Risk Reduction,98015,84201,85.9,43518,40682,16270,4393,3618,On Track
Zambia,Southern Africa,2021,Migration,72725,53756,73.9,25983,27772,12789,3603,3110,At Risk
Zambia,Southern Africa,2022,Health,94217,78605,83.4,40269,38335,18848,8816,3636,On Track
Zambia,Southern Africa,2022,WASH,78310,61119,78.0,34843,26275,15256,6587,4415,On Track
Zambia,Southern Africa,2022,Shelter,77422,68935,89.0,33552,35382,10994,8266,3193,On Track
Zambia,Southern Africa,2022,Food Security,7661,4517,59.0,2506,2010,1041,497,360,At Risk
Zambia,Southern Africa,2022,Livelihoods,140430,93736,66.7,45203,48532,17438,9829,5465,At Risk
Zambia,Southern Africa,2022,Protection,55084,43152,78.3,22062,21089,9296,2858,1325,On Track
Zambia,Southern Africa,2022,Disaster Risk Reduction,27442,25063,91.3,13940,11122,3857,2721,1528,On Track
Zambia,Southern Africa,2022,Migration,68270,69590,101.9,37323,32266,14785,7690,4129,On Track
Zambia,Southern Africa,2023,Health,111542,93888,84.2,52171,41716,18235,9343,4643,On Track
Zambia,Southern Africa,2023,WASH,133077,109600,82.4,55116,54483,22981,12601,8379,On Track
Zambia,Southern Africa,2023,Shelter,67999,59509,87.5,29823,29685,14851,7062,3717,On Track
Zambia,Southern Africa,2023,Food Security,129804,65550,50.5,36736,28813,14519,5999,2141,At Risk
Zambia,Southern Africa,2023,Livelihoods,133665,148785,111.3,81497,67287,27869,17246,5708,On Track
Zambia,Southern Africa,2023,Protection,122486,91146,74.4,48310,42835,19969,9005,5690,At Risk
Zambia,Southern Africa,2023,Disaster Risk Reduction,9520,6746,70.9,3667,3078,1416,421,440,At Risk
Zambia,Southern Africa,2023,Migration,29393,21962,74.7,11541,10420,4760,2385,845,At Risk
Zambia,Southern Africa,2024,Health,82132,86495,105.3,48767,37727,19918,10142,4912,On Track
Zambia,Southern Africa,2024,WASH,63090,59815,94.8,31633,28181,11376,3634,3506,On Track
Zambia,Southern Africa,2024,Shelter,111011,97461,87.8,52465,44995,20397,7294,3177,On Track
Zambia,Southern Africa,2024,Food Security,68780,54290,78.9,26231,28058,10441,3035,3275,On Track
Zambia,Southern Africa,2024,Livelihoods,85270,55460,65.0,31406,24053,13233,3536,3708,At Risk
Zambia,Southern Africa,2024,Protection,101736,92926,91.3,47266,45659,21397,11133,2927,On Track
Zambia,Southern Africa,2024,Disaster Risk Reduction,129062,110731,85.8,63929,46801,21758,12104,3667,On Track
Zambia,Southern Africa,2024,Migration,144177,135966,94.3,69822,66143,21306,16081,9633,On Track
Zambia,Southern Africa,2025,Health,95113,75055,78.9,36559,38495,12840,4957,4012,On Track
Zambia,Southern Africa,2025,WASH,116543,82513,70.8,41822,40690,13210,5093,3082,At Risk
Zambia,Southern Africa,2025,Shelter,149281,121027,81.1,61461,59565,27815,8815,5442,On Track
Zambia,Southern Africa,2025,Food Security,91714,81801,89.2,41166,40634,13330,5558,3907,On Track
Zambia,Southern Africa,2025,Livelihoods,97225,73072,75.2,36612,36459,16872,4405,3444,On Track
Zambia,Southern Africa,2025,Protection,123946,105008,84.7,59483,45524,17378,5858,5694,On Track
Zambia,Southern Africa,2025,Disaster Risk Reduction,76019,68870,90.6,38593,30276,11275,6242,3806,On Track
Zambia,Southern Africa,2025,Migration,85379,47139,55.2,23305,23833,10012,3259,2563,At Risk
Egypt,North Africa,2021,Health,70903,57283,80.8,29251,28031,13303,3092,2917,On Track
Egypt,North Africa,2021,WASH,65434,45479,69.5,23914,21564,10119,4102,2881,At Risk
Egypt,North Africa,2021,Shelter,36629,32684,89.2,16714,15969,6661,3556,2597,On Track
Egypt,North Africa,2021,Food Security,55484,48565,87.5,27631,20933,9088,3091,2645,On Track
Egypt,North Africa,2021,Livelihoods,87719,71240,81.2,37637,33602,16657,5364,5199,On Track
Egypt,North Africa,2021,Protection,36340,39087,107.6,20351,18735,7146,3196,2662,On Track
Egypt,North Africa,2021,Disaster Risk Reduction,145473,113976,78.3,65552,48423,19096,10228,6720,On Track
Egypt,North Africa,2021,Migration,53535,41490,77.5,21946,19543,8898,2741,2391,On Track
Egypt,North Africa,2022,Health,55211,57504,104.2,28414,29089,11908,3620,2526,On Track
Egypt,North Africa,2022,WASH,61723,39801,64.5,19974,19826,6697,4290,1762,At Risk
Egypt,North Africa,2022,Shelter,131929,86317,65.4,44665,41651,19833,6535,2965,At Risk
Egypt,North Africa,2022,Food Security,77482,66098,85.3,35407,30690,15500,6987,2561,On Track
Egypt,North Africa,2022,Livelihoods,142530,93308,65.5,46823,46484,22151,6296,4027,At Risk
Egypt,North Africa,2022,Protection,79186,73025,92.2,35056,37968,17311,7702,4481,On Track
Egypt,North Africa,2022,Disaster Risk Reduction,31352,22711,72.4,11942,10768,4204,1284,1233,At Risk
Egypt,North Africa,2022,Migration,55886,49669,88.9,28414,21254,7649,3496,2005,On Track
Egypt,North Africa,2023,Health,82659,71403,86.4,37615,33787,14039,7371,2693,On Track
Egypt,North Africa,2023,WASH,64633,51182,79.2,27061,24120,9878,4697,4093,On Track
Egypt,North Africa,2023,Shelter,99602,73811,74.1,41537,32273,12331,3847,2968,At Risk
Egypt,North Africa,2023,Food Security,52039,53509,102.8,27505,26003,10758,4979,4041,On Track
Egypt,North Africa,2023,Livelihoods,84237,75496,89.6,36617,38878,11587,6687,3918,On Track
Egypt,North Africa,2023,Protection,8708,11320,130.0,6383,4936,1879,585,593,On Track
Egypt,North Africa,2023,Disaster Risk Reduction,145020,106520,73.5,57609,48910,18971,6619,5218,At Risk
Egypt,North Africa,2023,Migration,38182,33196,86.9,18594,14601,6280,3404,1204,On Track
Egypt,North Africa,2024,Health,76909,54632,71.0,29924,24707,11285,6284,2696,At Risk
Egypt,North Africa,2024,WASH,16931,15808,93.4,7692,8115,2401,1705,888,On Track
Egypt,North Africa,2024,Shelter,19293,13739,71.2,7068,6670,2102,1611,870,At Risk
Egypt,North Africa,2024,Food Security,81581,76013,93.2,43579,32433,13420,7054,4859,On Track
Egypt,North Africa,2024,Livelihoods,38103,36212,95.0,20811,15400,8636,3684,1588,On Track
Egypt,North Africa,2024,Protection,133680,100483,75.2,51061,49421,24752,5096,6612,On Track
Egypt,North Africa,2024,Disaster Risk Reduction,31892,30342,95.1,17568,12773,5497,2239,1030,On Track
Egypt,North Africa,2024,Migration,8215,8550,104.1,4482,4067,1505,633,613,On Track
Egypt,North Africa,2025,Health,79537,72861,91.6,35423,37437,11602,4473,4354,On Track
Egypt,North Africa,2025,WASH,128049,101341,79.1,50168,51172,25011,8235,5581,On Track
Egypt,North Africa,2025,Shelter,130492,103345,79.2,56446,46898,23264,10620,6086,On Track
Egypt,North Africa,2025,Food Security,120466,69319,57.5,39542,29776,16064,7139,2272,At Risk
Egypt,North Africa,2025,Livelihoods,94314,63913,67.8,33250,30662,15240,7202,4822,At Risk
Egypt,North Africa,2025,Protection,53329,57707,108.2,29510,28196,12643,3982,2281,On Track
Egypt,North Africa,2025,Disaster Risk Reduction,18468,13678,74.1,7153,6524,3188,798,912,At Risk
Egypt,North Africa,2025,Migration,71185,47090,66.2,25105,21984,8419,3978,2118,At Risk
Morocco,North Africa,2021,Health,130233,80061,61.5,39745,40315,12942,7066,6014,At Risk
Morocco,North Africa,2021,WASH,34907,39029,111.8,20076,18952,8715,3750,2988,On Track
Morocco,North Africa,2021,Shelter,22129,19022,86.0,10380,8641,4562,1483,881,On Track
Morocco,North Africa,2021,Food Security,110043,111237,101.1,53514,57722,25879,11798,3918,On Track
Morocco,North Africa,2021,Livelihoods,133908,87103,65.0,42843,44259,21606,5664,2905,At Risk
Morocco,North Africa,2021,Protection,24420,28858,118.2,15568,13289,6460,1508,1816,On Track
Morocco,North Africa,2021,Disaster Risk Reduction,19053,12902,67.7,6415,6486,2668,912,992,At Risk
Morocco,North Africa,2021,Migration,44774,37235,83.2,20921,16313,9247,2538,2922,On Track
Morocco,North Africa,2022,Health,44111,23547,53.4,11421,12125,3656,2317,1245,At Risk
Morocco,North Africa,2022,WASH,84648,58486,69.1,29398,29087,12363,3959,3443,At Risk
Morocco,North Africa,2022,Shelter,27329,26848,98.2,15090,11757,5308,2001,1292,On Track
Morocco,North Africa,2022,Food Security,70061,52498,74.9,29428,23069,9597,3393,1797,At Risk
Morocco,North Africa,2022,Livelihoods,36051,21345,59.2,12040,9304,3673,1636,1503,At Risk
Morocco,North Africa,2022,Protection,114097,45088,39.5,25355,19732,8497,3703,2036,Off Track
Morocco,North Africa,2022,Disaster Risk Reduction,64162,54445,84.9,29027,25417,8344,4534,2743,On Track
Morocco,North Africa,2022,Migration,141989,125998,88.7,62510,63487,27170,14865,7321,On Track
Morocco,North Africa,2023,Health,104713,80484,76.9,41993,38490,13009,7476,6191,On Track
Morocco,North Africa,2023,WASH,123099,104088,84.6,56850,47237,16412,7788,5988,On Track
Morocco,North Africa,2023,Shelter,121056,120312,99.4,67551,52760,25407,9160,5145,On Track
Morocco,North Africa,2023,Food Security,82949,63834,77.0,31316,32517,11840,5037,4072,On Track
Morocco,North Africa,2023,Livelihoods,117415,86495,73.7,44936,41558,14546,5274,6172,At Risk
Morocco,North Africa,2023,Protection,85053,72351,85.1,35031,37319,13885,4469,5351,On Track
Morocco,North Africa,2023,Disaster Risk Reduction,20789,12324,59.3,6534,5789,2750,1442,505,At Risk
Morocco,North Africa,2023,Migration,31013,26926,86.8,15310,11615,6554,3073,1663,On Track
Morocco,North Africa,2024,Health,59470,37442,63.0,20789,16652,7605,3647,1925,At Risk
Morocco,North Africa,2024,WASH,60318,64864,107.5,35879,28984,15077,3908,4647,On Track
Morocco,North Africa,2024,Shelter,74375,74380,100.0,38910,35469,13976,8483,3165,On Track
Morocco,North Africa,2024,Food Security,26282,22104,84.1,12475,9628,4385,1900,1004,On Track
Morocco,North Africa,2024,Livelihoods,46171,25269,54.7,12228,13040,4477,1274,1994,At Risk
Morocco,North Africa,2024,Protection,67879,63396,93.4,36552,26843,12014,6402,2998,On Track
Morocco,North Africa,2024,Disaster Risk Reduction,50564,49363,97.6,28367,20995,9380,5174,2137,On Track
Morocco,North Africa,2024,Migration,149701,135858,90.8,78666,57191,20728,12532,8555,On Track
Morocco,North Africa,2025,Health,24677,17534,71.1,10061,7472,2947,1641,721,At Risk
Morocco,North Africa,2025,WASH,46034,40243,87.4,20552,19690,8235,3187,1529,On Track
Morocco,North Africa,2025,Shelter,5701,4417,77.5,2454,1962,1059,246,219,On Track
Morocco,North Africa,2025,Food Security,112090,71578,63.9,35074,36503,10855,6894,4303,At Risk
Morocco,North Africa,2025,Livelihoods,123096,92010,74.7,44382,47627,21483,10878,3383,At Risk
Morocco,North Africa,2025,Protection,128184,93340,72.8,46963,46376,22106,10720,4758,At Risk
Morocco,North Africa,2025,Disaster Risk Reduction,81351,43408,53.4,20960,22447,9042,2204,3011,At Risk
Morocco,North Africa,2025,Migration,13556,13796,101.8,7044,6751,2124,1257,688,On Track
Sudan,North Africa,2021,Health,65680,54264,82.6,27540,26723,11989,3744,4081,On Track
Sudan,North Africa,2021,WASH,80524,71380,88.6,36937,34442,14631,3821,3662,On Track
Sudan,North Africa,2021,Shelter,79112,70001,88.5,35170,34830,12082,7504,5356,On Track
Sudan,North Africa,2021,Food Security,124021,110441,89.1,54064,56376,21536,8130,8121,On Track
Sudan,North Africa,2021,Livelihoods,23659,9083,38.4,4663,4419,1720,791,345,Off Track
Sudan,North Africa,2021,Protection,66190,50554,76.4,27157,23396,11654,5217,1905,On Track
Sudan,North Africa,2021,Disaster Risk Reduction,74351,55847,75.1,28823,27023,10658,5449,1833,On Track
Sudan,North Africa,2021,Migration,56857,40698,71.6,19676,21021,7699,4021,1614,At Risk
Sudan,North Africa,2022,Health,116447,72480,62.2,41212,31267,17363,5132,3007,At Risk
Sudan,North Africa,2022,WASH,35087,32855,93.6,17121,15733,5718,3189,2342,On Track
Sudan,North Africa,2022,Shelter,147753,142842,96.7,74234,68607,23659,14520,6859,On Track
Sudan,North Africa,2022,Food Security,63932,57431,89.8,31422,26008,10168,3198,4573,On Track
Sudan,North Africa,2022,Livelihoods,44056,42026,95.4,23812,18213,7520,3477,2562,On Track
Sudan,North Africa,2022,Protection,74633,81681,109.4,42565,39115,15743,5972,4754,On Track
Sudan,North Africa,2022,Disaster Risk Reduction,42286,32312,76.4,18529,13782,7073,3477,1867,On Track
Sudan,North Africa,2022,Migration,23719,21005,88.6,11719,9285,3184,2253,672,On Track
Sudan,North Africa,2023,Health,20633,13971,67.7,7775,6195,2449,1545,490,At Risk
Sudan,North Africa,2023,WASH,48495,34841,71.8,17162,17678,8637,3385,2520,At Risk
Sudan,North Africa,2023,Shelter,85638,85425,99.8,46080,39344,17966,8352,5020,On Track
Sudan,North Africa,2023,Food Security,80657,51886,64.3,27131,24754,9214,5385,2143,At Risk
Sudan,North Africa,2023,Livelihoods,120121,79577,66.2,43173,36403,17881,5197,2625,At Risk
Sudan,North Africa,2023,Protection,37598,35102,93.4,17308,17793,7392,3842,1132,On Track
Sudan,North Africa,2023,Disaster Risk Reduction,127866,88607,69.3,46771,41835,21521,6489,4719,At Risk
Sudan,North Africa,2023,Migration,84715,85345,100.7,41082,44262,13498,5812,2679,On Track
Sudan,North Africa,2024,Health,110515,72870,65.9,38971,33898,12203,5153,4604,At Risk
Sudan,North Africa,2024,WASH,76367,84516,110.7,48726,35789,13103,9493,4973,On Track
Sudan,North Africa,2024,Shelter,136195,111935,82.2,54505,57429,17796,10305,5266,On Track
Sudan,North Africa,2024,Food Security,146552,183228,125.0,104756,78471,34934,10999,12044,On Track
Sudan,North Africa,2024,Livelihoods,134445,114863,85.4,63149,51713,27570,12112,7330,On Track
Sudan,North Africa,2024,Protection,119755,64825,54.1,35521,29303,15855,4583,1948,At Risk
Sudan,North Africa,2024,Disaster Risk Reduction,26087,17943,68.8,9800,8142,3828,1642,552,At Risk
Sudan,North Africa,2024,Migration,15449,11017,71.3,6091,4925,2008,1063,637,At Risk
Sudan,North Africa,2025,Health,118253,81387,68.8,39834,41552,18975,9301,5085,At Risk
Sudan,North Africa,2025,WASH,89494,68310,76.3,33495,34814,12992,6901,4712,On Track
Sudan,North Africa,2025,Shelter,70632,48210,68.3,24367,23842,7293,4233,3497,At Risk
Sudan,North Africa,2025,Food Security,11780,12054,102.3,6940,5113,2490,1036,412,On Track
Sudan,North Africa,2025,Livelihoods,28940,14387,49.7,7779,6607,2717,961,499,Off Track
Sudan,North Africa,2025,Protection,65011,61855,95.1,31638,30216,9876,3858,4909,On Track
Sudan,North Africa,2025,Disaster Risk Reduction,10438,10780,103.3,6116,4663,2690,978,761,On Track
Sudan,North Africa,2025,Migration,75650,33802,44.7,17330,16471,6103,2642,2150,Off Track
